<metadata xml:lang="en">
	<Esri>
		<CreaDate>20191125</CreaDate>
		<CreaTime>16101900</CreaTime>
		<ArcGISFormat>1.0</ArcGISFormat>
		<SyncOnce>FALSE</SyncOnce>
		<DataProperties>
			<itemProps>
				<itemName Sync="FALSE">ActiveStops</itemName>
				<imsContentType Sync="TRUE">002</imsContentType>
				<itemSize Sync="TRUE">0.000</itemSize><itemLocation><linkage Sync="TRUE">file://\\CECR-2310-73065\D$\Users\n01621754\OneDrive - University of North Florida\Desktop\WSDOT RESEARCH\GIS WORKS\transit_stops.shp</linkage><protocol Sync="TRUE">Local Area Network</protocol></itemLocation></itemProps>
			<coordRef>
				<type Sync="TRUE">Geographic</type>
				<geogcsn Sync="TRUE">GCS_WGS_1984</geogcsn>
				<csUnits Sync="TRUE">Angular Unit: Degree (0.017453)</csUnits>
				<peXml Sync="TRUE">&lt;GeographicCoordinateSystem xsi:type='typens:GeographicCoordinateSystem' xmlns:xsi='http://www.w3.org/2001/XMLSchema-instance' xmlns:xs='http://www.w3.org/2001/XMLSchema' xmlns:typens='http://www.esri.com/schemas/ArcGIS/3.0.0'&gt;&lt;WKT&gt;GEOGCS[&amp;quot;GCS_WGS_1984&amp;quot;,DATUM[&amp;quot;D_WGS_1984&amp;quot;,SPHEROID[&amp;quot;WGS_1984&amp;quot;,6378137.0,298.257223563]],PRIMEM[&amp;quot;Greenwich&amp;quot;,0.0],UNIT[&amp;quot;Degree&amp;quot;,0.0174532925199433],AUTHORITY[&amp;quot;EPSG&amp;quot;,4326]]&lt;/WKT&gt;&lt;XOrigin&gt;-400&lt;/XOrigin&gt;&lt;YOrigin&gt;-400&lt;/YOrigin&gt;&lt;XYScale&gt;11258999068426.238&lt;/XYScale&gt;&lt;ZOrigin&gt;-100000&lt;/ZOrigin&gt;&lt;ZScale&gt;10000&lt;/ZScale&gt;&lt;MOrigin&gt;-100000&lt;/MOrigin&gt;&lt;MScale&gt;10000&lt;/MScale&gt;&lt;XYTolerance&gt;8.983152841195215e-09&lt;/XYTolerance&gt;&lt;ZTolerance&gt;0.001&lt;/ZTolerance&gt;&lt;MTolerance&gt;0.001&lt;/MTolerance&gt;&lt;HighPrecision&gt;true&lt;/HighPrecision&gt;&lt;LeftLongitude&gt;-180&lt;/LeftLongitude&gt;&lt;WKID&gt;4326&lt;/WKID&gt;&lt;LatestWKID&gt;4326&lt;/LatestWKID&gt;&lt;/GeographicCoordinateSystem&gt;</peXml>
			</coordRef>
			<LayerFile>{"type":"CIMLayerDocument","version":"2.7.0","build":26828,"layers":["CIMPATH=map/sde_gis_activestops.xml"],"layerDefinitions":[{"type":"CIMFeatureLayer","name":"sde.GIS.ActiveStops","uRI":"CIMPATH=map/sde_gis_activestops.xml","sourceModifiedTime":{"type":"TimeInstant"},"useSourceMetadata":true,"description":"sde.GIS.ActiveStops","layerElevation":{"type":"CIMLayerElevationSurface","mapElevationID":"{AD5E16CD-DFC5-4E0B-A07B-E5ADA19BE9B2}"},"expanded":true,"layerType":"Operational","showLegends":true,"visibility":true,"displayCacheType":"Permanent","maxDisplayCacheAge":5,"showPopups":true,"serviceLayerID":-1,"refreshRate":-1,"refreshRateUnit":"esriTimeUnitsSeconds","blendingMode":"Alpha","autoGenerateFeatureTemplates":true,"featureElevationExpression":"0","featureTable":{"type":"CIMFeatureTable","displayField":"StopNum","editable":true,"dataConnection":{"type":"CIMFeatureDatasetDataConnection","featureDataset":"sde.GIS.BusStops","workspaceConnectionString":"ENCRYPTED_PASSWORD=00022e6835763259597734736473644b5670326c422f625a75614a447a4263746c3433515843304561646f424553733d2a00;SERVER=GISSQLPRD01;INSTANCE=sde:sqlserver:GISSQLPRD01;DBCLIENT=sqlserver;DB_CONNECTION_PROPERTIES=GISSQLPRD01;DATABASE=sde;USER=gis;VERSION=GIS.Editing;AUTHENTICATION_MODE=DBMS","workspaceFactory":"SDE","dataset":"sde.GIS.ActiveStops","datasetType":"esriDTFeatureClass"},"studyAreaSpatialRel":"esriSpatialRelUndefined","searchOrder":"esriSearchOrderSpatial"},"htmlPopupEnabled":true,"selectable":true,"featureCacheType":"Session","displayFiltersType":"ByScale","featureBlendingMode":"Alpha","labelClasses":[{"type":"CIMLabelClass","expressionTitle":"Custom","expression":"$feature.StopNum","expressionEngine":"Arcade","featuresToLabel":"AllVisibleFeatures","maplexLabelPlacementProperties":{"type":"CIMMaplexLabelPlacementProperties","featureType":"Point","avoidPolygonHoles":true,"canOverrunFeature":true,"canPlaceLabelOutsidePolygon":true,"canRemoveOverlappingLabel":true,"canStackLabel":true,"connectionType":"Unambiguous","constrainOffset":"NoConstraint","contourAlignmentType":"Page","contourLadderType":"Straight","contourMaximumAngle":90,"enableConnection":true,"enablePointPlacementPriorities":true,"featureWeight":0,"fontHeightReductionLimit":4,"fontHeightReductionStep":0.5,"fontWidthReductionLimit":90,"fontWidthReductionStep":5,"graticuleAlignmentType":"Straight","keyNumberGroupName":"Default","labelBuffer":15,"labelLargestPolygon":true,"labelPriority":-1,"labelStackingProperties":{"type":"CIMMaplexLabelStackingProperties","stackAlignment":"ChooseBest","maximumNumberOfLines":3,"minimumNumberOfCharsPerLine":3,"maximumNumberOfCharsPerLine":24,"separators":[{"type":"CIMMaplexStackingSeparator","separator":" ","splitAfter":true},{"type":"CIMMaplexStackingSeparator","separator":",","visible":true,"splitAfter":true}]},"lineFeatureType":"General","linePlacementMethod":"OffsetCurvedFromLine","maximumLabelOverrun":36,"maximumLabelOverrunUnit":"Point","minimumFeatureSizeUnit":"Map","multiPartOption":"OneLabelPerPart","offsetAlongLineProperties":{"type":"CIMMaplexOffsetAlongLineProperties","placementMethod":"BestPositionAlongLine","labelAnchorPoint":"CenterOfLabel","distanceUnit":"Percentage","useLineDirection":true},"pointExternalZonePriorities":{"type":"CIMMaplexExternalZonePriorities","aboveLeft":4,"aboveCenter":2,"aboveRight":1,"centerRight":3,"belowRight":5,"belowCenter":7,"belowLeft":8,"centerLeft":6},"pointPlacementMethod":"AroundPoint","polygonAnchorPointType":"GeometricCenter","polygonBoundaryWeight":0,"polygonExternalZones":{"type":"CIMMaplexExternalZonePriorities","aboveLeft":4,"aboveCenter":2,"aboveRight":1,"centerRight":3,"belowRight":5,"belowCenter":7,"belowLeft":8,"centerLeft":6},"polygonFeatureType":"General","polygonInternalZones":{"type":"CIMMaplexInternalZonePriorities","center":1},"polygonPlacementMethod":"CurvedInPolygon","primaryOffset":1,"primaryOffsetUnit":"Point","removeExtraWhiteSpace":true,"repetitionIntervalUnit":"Point","rotationProperties":{"type":"CIMMaplexRotationProperties","rotationType":"Arithmetic","alignmentType":"Straight"},"secondaryOffset":100,"strategyPriorities":{"type":"CIMMaplexStrategyPriorities","stacking":1,"overrun":2,"fontCompression":3,"fontReduction":4,"abbreviation":5},"thinningDistanceUnit":"Point","truncationMarkerCharacter":".","truncationMinimumLength":1,"truncationPreferredCharacters":"aeiou","truncationExcludedCharacters":"0123456789","polygonAnchorPointPerimeterInsetUnit":"Point"},"name":"Class 1","priority":-1,"standardLabelPlacementProperties":{"type":"CIMStandardLabelPlacementProperties","featureType":"Line","featureWeight":"None","labelWeight":"High","numLabelsOption":"OneLabelPerName","lineLabelPosition":{"type":"CIMStandardLineLabelPosition","above":true,"inLine":true,"parallel":true},"lineLabelPriorities":{"type":"CIMStandardLineLabelPriorities","aboveStart":3,"aboveAlong":3,"aboveEnd":3,"centerStart":3,"centerAlong":3,"centerEnd":3,"belowStart":3,"belowAlong":3,"belowEnd":3},"pointPlacementMethod":"AroundPoint","pointPlacementPriorities":{"type":"CIMStandardPointPlacementPriorities","aboveLeft":2,"aboveCenter":2,"aboveRight":1,"centerLeft":3,"centerRight":2,"belowLeft":3,"belowCenter":3,"belowRight":2},"rotationType":"Arithmetic","polygonPlacementMethod":"AlwaysHorizontal"},"textSymbol":{"type":"CIMSymbolReference","symbol":{"type":"CIMTextSymbol","blockProgression":"TTB","depth3D":1,"extrapolateBaselines":true,"fontEffects":"Normal","fontEncoding":"Unicode","fontFamilyName":"Tahoma","fontStyleName":"Regular","fontType":"Unspecified","haloSize":1,"height":10,"hinting":"Default","horizontalAlignment":"Left","kerning":true,"letterWidth":100,"ligatures":true,"lineGapType":"ExtraLeading","symbol":{"type":"CIMPolygonSymbol","symbolLayers":[{"type":"CIMSolidFill","enable":true,"color":{"type":"CIMRGBColor","values":[0,0,0,100]}}]},"textCase":"Normal","textDirection":"LTR","verticalAlignment":"Bottom","verticalGlyphOrientation":"Right","wordSpacing":100,"billboardMode3D":"FaceNearPlane"}},"useCodedValue":true,"visibility":true,"iD":-1}],"renderer":{"type":"CIMSimpleRenderer","patch":"Default","symbol":{"type":"CIMSymbolReference","symbol":{"type":"CIMPointSymbol","symbolLayers":[{"type":"CIMVectorMarker","enable":true,"anchorPointUnits":"Relative","dominantSizeAxis3D":"Z","size":4,"billboardMode3D":"FaceNearPlane","frame":{"xmin":-2,"ymin":-2,"xmax":2,"ymax":2},"markerGraphics":[{"type":"CIMMarkerGraphic","geometry":{"curveRings":[[[1.2246467991473532e-16,2],{"a":[[1.2246467991473532e-16,2],[2.2962127484012875e-16,0],0,1]}]]},"symbol":{"type":"CIMPolygonSymbol","symbolLayers":[{"type":"CIMSolidStroke","enable":true,"capStyle":"Round","joinStyle":"Round","lineStyle3D":"Strip","miterLimit":10,"width":0.69999999999999996,"color":{"type":"CIMRGBColor","values":[0,0,0,100]}},{"type":"CIMSolidFill","enable":true,"color":{"type":"CIMRGBColor","values":[212.06,252.449999999999989,249.75,100]}}]}}],"respectFrame":true}],"haloSize":1,"scaleX":1,"angleAlignment":"Display"}}},"scaleSymbols":true,"snappable":true}]}</LayerFile>
			<lineage><Process ToolSource="c:\users\jnorsworthy\appdata\local\programs\arcgis\pro\Resources\ArcToolbox\toolboxes\Conversion Tools.tbx\FeatureClassToFeatureClass" Date="20241031" Time="141102">FeatureClassToFeatureClass ActiveStops "C:\Users\jnorsworthy\Downloads\JTA System Files" ActiveStops_Oct_24.shp # "StopNum "StopNum" true true false 0 Double 0 0,First,#,ActiveStops,StopNum,-1,-1;StopID "StopID" true true false 254 Text 0 0,First,#,ActiveStops,StopID,0,254;Description "Description" true true false 254 Text 0 0,First,#,ActiveStops,Description,0,254;Routes "Routes" true true false 254 Text 0 0,First,#,ActiveStops,Routes,0,254;GlobalID "GlobalID" false false true 38 Text 0 0,First,#,ActiveStops,GlobalID,-1,-1" #</Process><Process ToolSource="c:\program files\arcgis\pro\Resources\ArcToolbox\toolboxes\Conversion Tools.tbx\ExportFeatures" Date="20250530" Time="103431">ExportFeatures ActiveStops_Oct_24 "D:\Users\n01621754\OneDrive - University of North Florida\Desktop\WSDOT RESEARCH\GIS WORKS\JTARoutes\JTARoutes.gdb\JTAStops" # NOT_USE_ALIAS "StopNum "StopNum" true true false 19 Double 0 0,First,#,ActiveStops_Oct_24,StopNum,-1,-1;StopID "StopID" true true false 254 Text 0 0,First,#,ActiveStops_Oct_24,StopID,0,254;Descriptio "Descriptio" true true false 254 Text 0 0,First,#,ActiveStops_Oct_24,Descriptio,0,254;Routes "Routes" true true false 254 Text 0 0,First,#,ActiveStops_Oct_24,Routes,0,254;GlobalID "GlobalID" true true false 38 Text 0 0,First,#,ActiveStops_Oct_24,GlobalID,0,38" #</Process><Process ToolSource="c:\program files\arcgis\pro\Resources\ArcToolbox\toolboxes\Conversion Tools.tbx\ExportFeatures" Date="20250903" Time="120725">ExportFeatures JTAStops "D:\Users\n01621754\OneDrive - University of North Florida\Desktop\WSDOT RESEARCH\GIS WORKS\GISONLINE_BIKEROUTESCORINGTOOL\GISONLINE_BIKEROUTESCORINGTOOL.gdb\JTAStops" # NOT_USE_ALIAS "StopNum "StopNum" true true false 8 Double 0 0,First,#,JTAStops,StopNum,-1,-1;StopID "StopID" true true false 254 Text 0 0,First,#,JTAStops,StopID,0,254;Descriptio "Descriptio" true true false 254 Text 0 0,First,#,JTAStops,Descriptio,0,254;Routes "Routes" true true false 254 Text 0 0,First,#,JTAStops,Routes,0,254;GlobalID "GlobalID" true true false 38 Text 0 0,First,#,JTAStops,GlobalID,0,38" #</Process><Process ToolSource="c:\program files\arcgis\pro\Resources\ArcToolbox\toolboxes\Conversion Tools.tbx\ExportFeatures" Date="20250920" Time="162943">ExportFeatures JTAStops "D:\Users\n01621754\OneDrive - University of North Florida\Desktop\WSDOT RESEARCH\GIS WORKS\transit_stops.shp" # NOT_USE_ALIAS "StopNum "StopNum" true true false 8 Double 0 0,First,#,JTAStops,StopNum,-1,-1;StopID "StopID" true true false 254 Text 0 0,First,#,JTAStops,StopID,0,254;Descriptio "Descriptio" true true false 254 Text 0 0,First,#,JTAStops,Descriptio,0,254;Routes "Routes" true true false 254 Text 0 0,First,#,JTAStops,Routes,0,254;GlobalID "GlobalID" true true false 38 Text 0 0,First,#,JTAStops,GlobalID,0,38" #</Process></lineage></DataProperties>
		<SyncDate>20250920</SyncDate>
		<SyncTime>16294300</SyncTime>
		<ModDate>20250920</ModDate>
		<ModTime>16294300</ModTime>
	</Esri>
	<dataIdInfo>
		<envirDesc Sync="FALSE">Esri ArcGIS 12.4.0.19948</envirDesc>
		<dataLang>
			<languageCode Sync="TRUE" value="eng"/>
			<countryCode Sync="TRUE" value="USA"/>
		</dataLang>
		<idCitation>
			<resTitle Sync="FALSE">ActiveStops</resTitle>
			<presForm>
				<PresFormCd Sync="TRUE" value="005"/>
			</presForm>
		</idCitation>
		<spatRpType>
			<SpatRepTypCd Sync="TRUE" value="001"/>
		</spatRpType>
	</dataIdInfo>
	<mdLang>
		<languageCode Sync="TRUE" value="eng"/>
		<countryCode Sync="TRUE" value="USA"/>
	</mdLang>
	<distInfo>
		<distFormat>
			<formatName Sync="TRUE">Shapefile</formatName>
		</distFormat>
		<distTranOps><transSize Sync="TRUE">0.000</transSize></distTranOps></distInfo>
	<mdHrLv>
		<ScopeCd Sync="TRUE" value="005"/>
	</mdHrLv>
	<mdHrLvName Sync="TRUE">dataset</mdHrLvName>
	<refSysInfo>
		<RefSystem>
			<refSysID>
				<identCode Sync="TRUE" code="4326"/>
				<idCodeSpace Sync="TRUE">EPSG</idCodeSpace>
				<idVersion Sync="TRUE">6.2(3.0.1)</idVersion>
			</refSysID>
		</RefSystem>
	</refSysInfo>
	<spatRepInfo>
		<VectSpatRep><geometObjs Name="transit_stops"><geoObjTyp><GeoObjTypCd value="004" Sync="TRUE"></GeoObjTypCd></geoObjTyp><geoObjCnt Sync="TRUE">0</geoObjCnt></geometObjs><topLvl><TopoLevCd value="001" Sync="TRUE"></TopoLevCd></topLvl></VectSpatRep></spatRepInfo>
	<spdoinfo>
		<ptvctinf><esriterm Name="transit_stops"><efeatyp Sync="TRUE">Simple</efeatyp><efeageom code="1" Sync="TRUE"></efeageom><esritopo Sync="TRUE">FALSE</esritopo><efeacnt Sync="TRUE">0</efeacnt><spindex Sync="TRUE">FALSE</spindex><linrefer Sync="TRUE">FALSE</linrefer></esriterm></ptvctinf></spdoinfo>
	<eainfo>
		<detailed Name="transit_stops">
			<enttyp>
				<enttypl Sync="FALSE">ActiveStops</enttypl>
				<enttypt Sync="TRUE">Feature Class</enttypt>
				<enttypc Sync="TRUE">0</enttypc>
			</enttyp>
			<attr><attrlabl Sync="TRUE">FID</attrlabl><attalias Sync="TRUE">FID</attalias><attrtype Sync="TRUE">OID</attrtype><attwidth Sync="TRUE">4</attwidth><atprecis Sync="TRUE">0</atprecis><attscale Sync="TRUE">0</attscale><attrdef Sync="TRUE">Internal feature number.</attrdef><attrdefs Sync="TRUE">Esri</attrdefs><attrdomv><udom Sync="TRUE">Sequential unique whole numbers that are automatically generated.</udom></attrdomv></attr><attr>
				<attrlabl Sync="TRUE">StopNum</attrlabl>
				<attalias Sync="TRUE">StopNum</attalias>
				<attrtype Sync="TRUE">Double</attrtype>
				<attwidth Sync="TRUE">19</attwidth>
				<atprecis Sync="TRUE">0</atprecis>
				<attscale Sync="TRUE">0</attscale>
			</attr>
			<attr>
				<attrlabl Sync="TRUE">StopID</attrlabl>
				<attalias Sync="TRUE">StopID</attalias>
				<attrtype Sync="TRUE">String</attrtype>
				<attwidth Sync="TRUE">254</attwidth>
				<atprecis Sync="TRUE">0</atprecis>
				<attscale Sync="TRUE">0</attscale>
			</attr>
			<attr>
				<attrlabl Sync="TRUE">Descriptio</attrlabl>
				<attalias Sync="TRUE">Descriptio</attalias>
				<attrtype Sync="TRUE">String</attrtype>
				<attwidth Sync="TRUE">254</attwidth>
				<atprecis Sync="TRUE">0</atprecis>
				<attscale Sync="TRUE">0</attscale>
			</attr>
			<attr>
				<attrlabl Sync="TRUE">Routes</attrlabl>
				<attalias Sync="TRUE">Routes</attalias>
				<attrtype Sync="TRUE">String</attrtype>
				<attwidth Sync="TRUE">254</attwidth>
				<atprecis Sync="TRUE">0</atprecis>
				<attscale Sync="TRUE">0</attscale>
			</attr>
			<attr>
				<attrlabl Sync="TRUE">Shape</attrlabl>
				<attalias Sync="TRUE">Shape</attalias>
				<attrtype Sync="TRUE">Geometry</attrtype>
				<attwidth Sync="TRUE">0</attwidth>
				<atprecis Sync="TRUE">0</atprecis>
				<attscale Sync="TRUE">0</attscale>
				<attrdef Sync="TRUE">Feature geometry.</attrdef>
				<attrdefs Sync="TRUE">Esri</attrdefs>
				<attrdomv>
					<udom Sync="TRUE">Coordinates defining the features.</udom>
				</attrdomv>
			</attr>
			<attr><attrlabl Sync="TRUE">GlobalID</attrlabl><attalias Sync="TRUE">GlobalID</attalias><attrtype Sync="TRUE">String</attrtype><attwidth Sync="TRUE">38</attwidth><atprecis Sync="TRUE">0</atprecis><attscale Sync="TRUE">0</attscale></attr></detailed>
	</eainfo>
	<mdDateSt Sync="TRUE">20250920</mdDateSt>
	<mdChar><CharSetCd value="004" Sync="TRUE"></CharSetCd></mdChar></metadata>
